-- phpMyAdmin SQL Dump
-- version 4.7.0
-- https://www.phpmyadmin.net/
--
-- Host: 127.0.0.1
-- Generation Time: Aug 15, 2017 at 07:37 PM
-- Server version: 10.1.22-MariaDB
-- PHP Version: 7.1.4

SET SQL_MODE = "NO_AUTO_VALUE_ON_ZERO";
SET AUTOCOMMIT = 0;
START TRANSACTION;
SET time_zone = "+00:00";


/*!40101 SET @OLD_CHARACTER_SET_CLIENT=@@CHARACTER_SET_CLIENT */;
/*!40101 SET @OLD_CHARACTER_SET_RESULTS=@@CHARACTER_SET_RESULTS */;
/*!40101 SET @OLD_COLLATION_CONNECTION=@@COLLATION_CONNECTION */;
/*!40101 SET NAMES utf8mb4 */;

--
-- Database: `db_memories`
--

DELIMITER $$
--
-- Procedures
--
CREATE DEFINER=`root`@`localhost` PROCEDURE `fetch_users_list` (IN `_u_uid` VARCHAR(120))  BEGIN
SELECT u_uid, first_name, last_name, email, login_id, profile_pic, gender, dob FROM `tb_m_users` WHERE u_uid <> _u_uid;
END$$

CREATE DEFINER=`root`@`localhost` PROCEDURE `get_class_mates` ()  BEGIN
SELECT * FROM `m_class_mates`;
END$$

CREATE DEFINER=`root`@`localhost` PROCEDURE `get_class_mates_videos` ()  BEGIN
SELECT * FROM `class_videos`;
END$$

CREATE DEFINER=`root`@`localhost` PROCEDURE `get_class_mate_photos` (IN `_roll_number` VARCHAR(120))  BEGIN
SELECT photourl FROM `class_images` WHERE roll_number=_roll_number;
END$$

CREATE DEFINER=`root`@`localhost` PROCEDURE `get_fcm_records_of_users` (IN `_u_uid` VARCHAR(120))  BEGIN
SELECT fcm_token FROM `tb_m_users_tokens` WHERE u_uid=_u_uid;
END$$

CREATE DEFINER=`root`@`localhost` PROCEDURE `get_user_record` (IN `_first_name` VARCHAR(90), IN `_last_name` VARCHAR(90), IN `_email` VARCHAR(50), IN `_login_id` VARCHAR(120), IN `_profile_pic` VARCHAR(350), IN `_gender` VARCHAR(10), IN `_dob` VARCHAR(10))  BEGIN
    INSERT INTO tb_m_users(first_name, last_name, email, login_id, profile_pic,gender,dob) VALUES (_first_name,_last_name,_email,_login_id,_profile_pic,_gender,_dob)
 ON DUPLICATE KEY UPDATE 
   first_name=VALUES(first_name)
 , last_name=VALUES(last_name)
 , email=VALUES(email)
 , profile_pic=VALUES(profile_pic)
 , gender=VALUES(gender)
 , dob=VALUES(dob)
 , time_updated=NOW();

SELECT u_uid, first_name, last_name, email, login_id, profile_pic, gender, dob, time_created, time_updated FROM tb_m_users WHERE login_id=_login_id;


END$$

CREATE DEFINER=`root`@`localhost` PROCEDURE `insert_or_update_users_tokens` (IN `_imei` VARCHAR(20), IN `_fcm_token` VARCHAR(200), IN `_platform` VARCHAR(1), IN `_u_uid` VARCHAR(120))  BEGIN

   INSERT INTO tb_m_users_tokens (imei, fcm_token, platform, u_uid) VALUES (_imei,_fcm_token,_platform,_u_uid) 
   ON DUPLICATE KEY UPDATE
   fcm_token=VALUES(fcm_token) ,
   platform=VALUES(platform) ,
   u_uid=VALUES(u_uid) ,
   time_updated=NOW();

Select 1;

END$$

CREATE DEFINER=`root`@`localhost` PROCEDURE `insert_user_logs` (IN `_roll_number` VARCHAR(225), IN `_type` VARCHAR(120), IN `_u_uid` VARCHAR(120))  BEGIN
INSERT INTO `m_logs`(`roll_number`, `type`, `u_uid`) VALUES (_roll_number,_type,_u_uid);
END$$

CREATE DEFINER=`root`@`localhost` PROCEDURE `notify_user_login` (IN `_u_uid` VARCHAR(120))  BEGIN
SELECT fcm_token FROM `tb_m_users_tokens` WHERE u_uid <> _u_uid;
END$$

DELIMITER ;

-- --------------------------------------------------------

--
-- Table structure for table `class_images`
--

CREATE TABLE `class_images` (
  `roll_number` varchar(225) DEFAULT NULL,
  `photourl` varchar(225) NOT NULL
) ENGINE=InnoDB DEFAULT CHARSET=latin1;

--
-- Dumping data for table `class_images`
--

INSERT INTO `class_images` (`roll_number`, `photourl`) VALUES
('11X41A0508', 'R8/IMG1.webp'),
('11X41A0508', 'R8/IMG2.webp'),
('11X41A0508', 'R8/IMG3.webp'),
('11X41A0508', 'R8/IMG4.webp'),
('11X41A0508', 'R8/IMG5.webp'),
('11X41A0508', 'R8/IMG6.webp'),
('11X41A0508', 'R8/IMG7.webp'),
('11X41A0502', 'R2/IMG1.WEBP'),
('11X41A0502', 'R2/IMG2.WEBP'),
('11X41A0502', 'R2/IMG3.WEBP'),
('11X41A0502', 'R2/IMG4.WEBP'),
('11X41A0502', 'R2/IMG5.WEBP'),
('11X41A0502', 'R2/IMG6.WEBP'),
('11X41A0502', 'R2/IMG7.WEBP'),
('11X41A0505', 'R5/IMG1.WEBP'),
('11X41A0505', 'R5/IMG2.WEBP'),
('11X41A0505', 'R5/IMG3.WEBP'),
('11X41A0505', 'R5/IMG4.WEBP'),
('11X41A0505', 'R5/IMG5.WEBP'),
('11X41A0505', 'R5/IMG6.WEBP'),
('11X41A0506', 'R6/IMG1.WEBP'),
('11X41A0506', 'R6/IMG2.WEBP'),
('11X41A0506', 'R6/IMG3.WEBP'),
('11X41A0506', 'R6/IMG4.WEBP'),
('11X41A0506', 'R6/IMG5.WEBP'),
('11X41A0506', 'R6/IMG7.WEBP'),
('11X41A0506', 'R6/IMG8.WEBP'),
('11X41A0506', 'R6/IMG6.WEBP'),
('11X41A0506', 'R6/IMG9.WEBP'),
('11X41A0506', 'R6/IMG10.WEBP'),
('11X41A0507', 'R7/IMG1.WEBP'),
('11X41A0507', 'R7/IMG2.WEBP'),
('11X41A0507', 'R7/IMG3.WEBP'),
('11X41A0507', 'R7/IMG4.WEBP'),
('11X41A0507', 'R7/IMG5.WEBP'),
('11X41A0507', 'R7/IMG6.WEBP'),
('11X41A0510', 'R10/IMG1.WEBP'),
('11X41A0510', 'R10/IMG2.WEBP'),
('11X41A0510', 'R10/IMG3.WEBP'),
('11X41A0510', 'R10/IMG4.WEBP'),
('11X41A0510', 'R10/IMG5.WEBP'),
('11X41A0519', 'R19/IMG1.WEBP'),
('11X41A0519', 'R19/IMG2.WEBP'),
('11X41A0519', 'R19/IMG3.WEBP'),
('11X41A0519', 'R19/IMG4.WEBP'),
('11X41A0519', 'R19/IMG5.WEBP'),
('11X41A0519', 'R19/IMG6.WEBP'),
('11X41A0519', 'R19/IMG7.WEBP'),
('11X41A0519', 'R19/IMG8.WEBP'),
('11X41A0520', 'R20/IMG1.WEBP'),
('11X41A0520', 'R20/IMG2.WEBP'),
('11X41A0520', 'R20/IMG3.WEBP'),
('11X41A0520', 'R20/IMG4.WEBP'),
('11X41A0520', 'R20/IMG5.WEBP'),
('11X41A0520', 'R20/IMG6.WEBP'),
('11X41A0520', 'R20/IMG7.WEBP'),
('11X41A0525', 'R25/IMG1.WEBP'),
('11X41A0525', 'R25/IMG2.WEBP'),
('11X41A0525', 'R25/IMG3.WEBP'),
('11X41A0525', 'R25/IMG4.WEBP'),
('11X41A0525', 'R25/IMG5.WEBP'),
('11X41A0525', 'R25/IMG6.WEBP'),
('11X41A0528', 'R28/IMG1.WEBP'),
('11X41A0528', 'R28/IMG2.WEBP'),
('11X41A0528', 'R28/IMG3.WEBP'),
('11X41A0528', 'R28/IMG4.WEBP'),
('11X41A0528', 'R28/IMG5.WEBP'),
('11X41A0528', 'R28/IMG6.WEBP'),
('11X41A0528', 'R28/IMG7.WEBP'),
('11X41A0539', 'R39/IMG1.WEBP'),
('11X41A0539', 'R39/IMG2.WEBP'),
('11X41A0540', 'R40/IMG1.WEBP'),
('11X41A0540', 'R40/IMG2.WEBP'),
('11X41A0540', 'R40/IMG3.WEBP'),
('11X41A0540', 'R40/IMG4.WEBP'),
('11X41A0540', 'R40/IMG5.WEBP'),
('11X41A0552', 'R52/IMG1.WEBP'),
('11X41A0552', 'R52/IMG2.WEBP'),
('11X41A0552', 'R52/IMG3.WEBP'),
('11X41A0552', 'R52/IMG4.WEBP'),
('11X41A0552', 'R52/IMG5.WEBP'),
('11X41A0552', 'R52/IMG6.WEBP'),
('11X41A0552', 'R52/IMG7.WEBP'),
('11X41A0554', 'R54/IMG1.WEBP'),
('11X41A0555', 'R55/IMG1.WEBP'),
('11X41A0555', 'R55/IMG2.WEBP'),
('11X41A0565', 'R65/IMG1.WEBP'),
('11X41A0565', 'R65/IMG2.WEBP'),
('11X41A0565', 'R65/IMG3.WEBP'),
('11X41A0565', 'R65/IMG4.WEBP'),
('11X41A0565', 'R65/IMG5.WEBP'),
('11X41A0565', 'R65/IMG6.WEBP'),
('11X41A0565', 'R65/IMG7.WEBP'),
('11X41A0566', 'R66/IMG1.WEBP'),
('11X41A0566', 'R66/IMG2.WEBP'),
('11X41A0566', 'R66/IMG3.WEBP'),
('11X41A0566', 'R66/IMG4.WEBP'),
('11X41A0564', 'R64/IMG1.WEBP'),
('11X41A0564', 'R64/IMG2.WEBP'),
('11X41A0564', 'R64/IMG3.WEBP'),
('11X41A0564', 'R64/IMG5.WEBP'),
('11X41A0564', 'R64/IMG6.WEBP'),
('11X41A0564', 'R64/IMG7.WEBP'),
('11X41A0558', 'R58/IMG1.WEBP'),
('11X41A0558', 'R58/IMG2.WEBP'),
('11X41A0558', 'R58/IMG3.WEBP'),
('11X41A0501', 'R01/IMG2.WEBP'),
('11X41A0501', 'R01/IMG3.WEBP'),
('11X41A0501', 'R01/IMG4.WEBP'),
('11X41A0515', 'R15/IMG2.WEBP'),
('11X41A0515', 'R15/IMG3.WEBP'),
('11X41A0515', 'R15/IMG4.WEBP'),
('11X41A0515', 'R15/IMG5.WEBP'),
('11X41A0515', 'R15/IMG6.WEBP'),
('11X41A0515', 'R15/IMG7.WEBP'),
('11X41A0515', 'R15/IMG1.WEBP'),
('11X41A0521', 'R21/IMG2.WEBP'),
('11X41A0521', 'R21/IMG3.WEBP'),
('11X41A0521', 'R21/IMG4.WEBP'),
('11X41A0521', 'R21/IMG5.WEBP'),
('11X41A0521', 'R21/IMG6.WEBP'),
('11X41A0521', 'R21/IMG7.WEBP'),
('11X41A0521', 'R21/IMG1.WEBP'),
('11X41A0524', 'R24/IMG2.WEBP'),
('11X41A0524', 'R24/IMG3.WEBP'),
('11X41A0524', 'R24/IMG4.WEBP'),
('11X41A0524', 'R24/IMG5.WEBP'),
('11X41A0524', 'R24/IMG1.WEBP'),
('11X41A0529', 'R29/IMG1.WEBP'),
('11X41A0533', 'R33/IMG2.WEBP'),
('11X41A0533', 'R33/IMG3.WEBP'),
('11X41A0533', 'R33/IMG4.WEBP'),
('11X41A0533', 'R33/IMG1.WEBP'),
('11X41A0535', 'R35/IMG2.WEBP'),
('11X41A0535', 'R35/IMG3.WEBP'),
('11X41A0535', 'R35/IMG4.WEBP'),
('11X41A0535', 'R35/IMG1.WEBP'),
('11X41A0535', 'R35/IMG5.WEBP'),
('11X41A0535', 'R35/IMG6.WEBP'),
('11X41A0535', 'R35/IMG7.WEBP'),
('11X41A0544', 'R44/IMG2.WEBP'),
('11X41A0544', 'R44/IMG1.WEBP'),
('11X41A0547', 'R47/IMG2.WEBP'),
('11X41A0547', 'R47/IMG1.WEBP'),
('11X41A0553', 'R53/IMG2.WEBP'),
('11X41A0553', 'R53/IMG1.WEBP'),
('11X41A0553', 'R53/IMG3.WEBP'),
('11X41A0553', 'R53/IMG4.WEBP'),
('11X41A0553', 'R53/IMG5.WEBP'),
('11X41A0553', 'R53/IMG6.WEBP'),
('11X41A0559', 'R59/IMG2.WEBP'),
('11X41A0559', 'R59/IMG1.WEBP'),
('11X41A0559', 'R59/IMG3.WEBP'),
('11X41A0559', 'R59/IMG4.WEBP'),
('11X41A0559', 'R59/IMG5.WEBP'),
('11X41A0559', 'R59/IMG6.WEBP'),
('11X41A0560', 'R60/IMG2.WEBP'),
('11X41A0560', 'R60/IMG1.WEBP'),
('11X41A0560', 'R60/IMG3.WEBP'),
('11X41A0560', 'R60/IMG4.WEBP'),
('11X41A0560', 'R60/IMG5.WEBP'),
('11X41A0560', 'R60/IMG6.WEBP'),
('11X41A0560', 'R60/IMG7.WEBP'),
('11X41A0560', 'R60/IMG8.WEBP'),
('11X41A0563', 'R63/IMG2.WEBP'),
('11X41A0563', 'R63/IMG1.WEBP'),
('11X41A0563', 'R63/IMG3.WEBP'),
('11X41A0563', 'R63/IMG4.WEBP'),
('11X41A0563', 'R63/IMG5.WEBP'),
('11X41A0563', 'R63/IMG6.WEBP'),
('11X41A0563', 'R63/IMG7.WEBP'),
('11X41A0563', 'R63/IMG8.WEBP'),
('11X41A0563', 'R63/IMG9.WEBP'),
('11X41A0563', 'R63/IMG10.WEBP'),
('11X41A0514', 'R14/IMG1.WEBP'),
('11X41A0514', 'R14/IMG2.WEBP'),
('11X41A0518', 'R18/IMG1.WEBP'),
('11X41A0518', 'R18/IMG2.WEBP'),
('11X41A0518', 'R18/IMG3.WEBP'),
('11X41A0518', 'R18/IMG4.WEBP'),
('11X41A0518', 'R18/IMG5.WEBP'),
('11X41A0522', 'R22/IMG1.WEBP'),
('11X41A0522', 'R22/IMG2.WEBP'),
('11X41A0522', 'R22/IMG3.WEBP'),
('11X41A0522', 'R22/IMG4.WEBP'),
('11X41A0522', 'R22/IMG5.WEBP'),
('11X41A0522', 'R22/IMG6.WEBP'),
('11X41A0522', 'R22/IMG7.WEBP'),
('11X41A0526', 'R26/IMG1.WEBP'),
('11X41A0532', 'R32/IMG1.WEBP'),
('11X41A0532', 'R32/IMG2.WEBP'),
('11X41A0532', 'R32/IMG3.WEBP'),
('11X41A0532', 'R32/IMG4.WEBP'),
('11X41A0532', 'R32/IMG5.WEBP'),
('11X41A0532', 'R32/IMG6.WEBP'),
('11X41A0532', 'R32/IMG7.WEBP'),
('11X41A0534', 'R34/IMG1.WEBP'),
('11X41A0534', 'R34/IMG2.WEBP'),
('11X41A0534', 'R34/IMG3.WEBP'),
('11X41A0534', 'R34/IMG4.WEBP'),
('11X41A0534', 'R34/IMG5.WEBP'),
('11X41A0543', 'R43/IMG1.WEBP'),
('11X41A0543', 'R43/IMG2.WEBP'),
('11X41A0543', 'R43/IMG3.WEBP'),
('11X41A0543', 'R43/IMG4.WEBP'),
('11X41A0543', 'R43/IMG5.WEBP'),
('11X41A0543', 'R43/IMG6.WEBP'),
('11X41A0551', 'R51/IMG1.WEBP'),
('11X41A0551', 'R51/IMG2.WEBP'),
('11X41A0554', 'R51/IMG2.WEBP');

-- --------------------------------------------------------

--
-- Table structure for table `class_videos`
--

CREATE TABLE `class_videos` (
  `roll_number` varchar(225) DEFAULT NULL,
  `video_url` varchar(225) NOT NULL,
  `photo_url` varchar(225) NOT NULL
) ENGINE=InnoDB DEFAULT CHARSET=latin1;

--
-- Dumping data for table `class_videos`
--

INSERT INTO `class_videos` (`roll_number`, `video_url`, `photo_url`) VALUES
('11X41A0559', 'VID1.mp4', 'VID1.jpg');

-- --------------------------------------------------------

--
-- Table structure for table `m_class_mates`
--

CREATE TABLE `m_class_mates` (
  `roll_number` varchar(25) NOT NULL,
  `name` varchar(90) NOT NULL,
  `profile_pic` varchar(300) NOT NULL
) ENGINE=InnoDB DEFAULT CHARSET=latin1;

--
-- Dumping data for table `m_class_mates`
--

INSERT INTO `m_class_mates` (`roll_number`, `name`, `profile_pic`) VALUES
('11X41A0501', 'Sayda', 'R01/IMG2.WEBP'),
('11X41A0502', 'Prasanth Annam', 'R2/IMG2.webp'),
('11X41A0505', 'MOHAN SAI BITRA', 'R5/IMG4.WEBP'),
('11X41A0506', 'Jagadesh Ch', 'R6/IMG3.WEBP'),
('11X41A0507', 'Satish Ch', 'R7/IMG6.WEBP'),
('11X41A0508', 'Varsha', 'R8/IMG2.webp'),
('11X41A0510', 'Deepak', 'R10/IMG2.WEBP'),
('11X41A0514', 'Gokul', 'R14/IMG2.WEBP'),
('11X41A0515', 'Varsha', 'R15/IMG2.WEBP'),
('11X41A0518', 'Murali', 'R18/IMG1.WEBP'),
('11X41A0519', 'Swetha', 'R19/IMG4.WEBP'),
('11X41A0520', 'Narendra K', 'R20/IMG4.WEBP'),
('11X41A0521', 'Sai Sandeep', 'R21/IMG1.WEBP'),
('11X41A0522', 'Hruday', 'R22/IMG1.WEBP'),
('11X41A0524', 'Varshini', 'R24/IMG2.WEBP'),
('11X41A0525', 'Mounica A', 'R25/IMG1.WEBP'),
('11X41A0526', 'Chandu', 'R26/IMG1.WEBP'),
('11X41A0528', 'Narendra N', 'R28/IMG4.WEBP'),
('11X41A0529', 'Sravani', 'R29/IMG1.WEBP'),
('11X41A0532', 'Bharath Kumar', 'R32/IMG1.WEBP'),
('11X41A0533', 'Sai Teja', 'R33/IMG4.WEBP'),
('11X41A0534', 'Bharath', 'R34/IMG1.WEBP'),
('11X41A0535', 'Sravanthi', 'R35/IMG2.WEBP'),
('11X41A0539', 'Nandini Potru', 'R39/IMG1.WEBP'),
('11X41A0540', 'Jyothi R', 'R40/IMG4.WEBP'),
('11X41A0543', 'Swaroop', 'R43/IMG1.WEBP'),
('11X41A0544', 'Benz', 'R44/IMG2.WEBP'),
('11X41A0547', 'Ramya', 'R47/IMG2.WEBP'),
('11X41A0551', 'Balaji', 'R51/IMG1.WEBP'),
('11X41A0552', 'Prathyusha vl', 'R52/IMG4.WEBP'),
('11X41A0553', 'Meghana', 'R53/IMG4.WEBP'),
('11X41A0554', 'Karthik', 'R54/IMG1.WEBP'),
('11X41A0555', 'Sindhuja', 'R55/IMG1.WEBP'),
('11X41A0558', 'Dharani', 'R58/IMG1.WEBP'),
('11X41A0559', 'Swaroopa', 'R59/IMG1.webp'),
('11X41A0560', 'Prasanth', 'R60/IMG4.WEBP'),
('11X41A0563', 'Sunitha', 'R63/IMG4.WEBP'),
('11X41A0564', 'Sujeen', 'R64/IMG2.WEBP'),
('11X41A0565', 'Geethanjali', 'R65/IMG4.WEBP'),
('11X41A0566', 'Raja ch', 'R66/IMG4.WEBP');

-- --------------------------------------------------------

--
-- Table structure for table `m_logs`
--

CREATE TABLE `m_logs` (
  `roll_number` varchar(225) NOT NULL,
  `type` varchar(10) NOT NULL,
  `u_uid` varchar(120) NOT NULL,
  `time_created` datetime NOT NULL DEFAULT CURRENT_TIMESTAMP
) ENGINE=InnoDB DEFAULT CHARSET=latin1;

--
-- Dumping data for table `m_logs`
--

INSERT INTO `m_logs` (`roll_number`, `type`, `u_uid`, `time_created`) VALUES
('11X41A0539', 'Image', '6546AADF5099691D0F2E37717F219AF1', '2017-08-06 12:17:10'),
('http://192.168.43.184/api_content/Images/R39/IMG2.WEBP', 'Image', '6546AADF5099691D0F2E37717F219AF1', '2017-08-06 12:17:13'),
('11X41A0519', 'Image', '6546AADF5099691D0F2E37717F219AF1', '2017-08-06 12:18:44'),
('11X41A0520', 'Image', '6546AADF5099691D0F2E37717F219AF1', '2017-08-06 12:18:50'),
('11X41A0525', 'Image', '6546AADF5099691D0F2E37717F219AF1', '2017-08-06 12:18:57'),
('11X41A0552', 'Image', '6546AADF5099691D0F2E37717F219AF1', '2017-08-06 12:19:06'),
('11X41A0554', 'Image', '6546AADF5099691D0F2E37717F219AF1', '2017-08-06 12:19:15'),
('http://192.168.43.184/api_content/Images/R54/IMG1.WEBP', 'Image', '6546AADF5099691D0F2E37717F219AF1', '2017-08-06 12:19:17'),
('http://192.168.43.184/api_content/Images/R54/IMG1.WEBP', 'Image', '6546AADF5099691D0F2E37717F219AF1', '2017-08-06 12:19:21'),
('11X41A0565', 'Image', '6546AADF5099691D0F2E37717F219AF1', '2017-08-06 12:21:29'),
('11X41A0566', 'Image', '6546AADF5099691D0F2E37717F219AF1', '2017-08-06 12:21:44'),
('11X41A0506', 'Image', '6546AADF5099691D0F2E37717F219AF1', '2017-08-06 12:22:11'),
('11X41A0505', 'Image', '6546AADF5099691D0F2E37717F219AF1', '2017-08-06 12:22:38'),
('11X41A0506', 'Image', '6546AADF5099691D0F2E37717F219AF1', '2017-08-06 12:22:41'),
('11X41A0507', 'Image', '6546AADF5099691D0F2E37717F219AF1', '2017-08-06 12:22:43'),
('11X41A0508', 'Image', '6546AADF5099691D0F2E37717F219AF1', '2017-08-06 12:22:46'),
('11X41A0510', 'Image', '6546AADF5099691D0F2E37717F219AF1', '2017-08-06 12:22:53'),
('11X41A0525', 'Image', '6546AADF5099691D0F2E37717F219AF1', '2017-08-06 12:22:56'),
('11X41A0528', 'Image', '6546AADF5099691D0F2E37717F219AF1', '2017-08-06 12:23:01'),
('11X41A0539', 'Image', '6546AADF5099691D0F2E37717F219AF1', '2017-08-06 12:23:06'),
('11X41A0540', 'Image', '6546AADF5099691D0F2E37717F219AF1', '2017-08-06 12:23:09'),
('11X41A0552', 'Image', '6546AADF5099691D0F2E37717F219AF1', '2017-08-06 12:23:12'),
('11X41A0554', 'Image', '6546AADF5099691D0F2E37717F219AF1', '2017-08-06 12:23:28'),
('11X41A0585', 'Image', '6546AADF5099691D0F2E37717F219AF1', '2017-08-06 12:23:34'),
('11X41A0564', 'Image', '6546AADF5099691D0F2E37717F219AF1', '2017-08-06 12:23:38'),
('11X41A0519', 'Image', '6546AADF5099691D0F2E37717F219AF1', '2017-08-06 12:23:43'),
('11X41A0506', 'Image', '6546AADF5099691D0F2E37717F219AF1', '2017-08-06 12:24:00'),
('11X41A0525', 'Image', '6546AADF5099691D0F2E37717F219AF1', '2017-08-06 12:25:30'),
('http://192.168.43.184/api_content/Images/R25/IMG4.WEBP', 'Image', '6546AADF5099691D0F2E37717F219AF1', '2017-08-06 12:25:38'),
('http://192.168.43.184/api_content/Images/R25/IMG1.WEBP', 'Image', '6546AADF5099691D0F2E37717F219AF1', '2017-08-06 12:26:01'),
('11X41A0566', 'Image', '6546AADF5099691D0F2E37717F219AF1', '2017-08-06 12:34:26'),
('11X41A0520', 'Image', '6546AADF5099691D0F2E37717F219AF1', '2017-08-06 12:34:56'),
('11X41A0525', 'Image', '6546AADF5099691D0F2E37717F219AF1', '2017-08-06 12:35:08'),
('11X41A0559', 'Image', '6546AADF5099691D0F2E37717F219AF1', '2017-08-06 12:36:22'),
('11X41A0505', 'Image', '6546AADF5099691D0F2E37717F219AF1', '2017-08-06 12:36:52'),
('http://192.168.43.184/api_content/Images/R5/IMG5.WEBP', 'Image', '6546AADF5099691D0F2E37717F219AF1', '2017-08-06 12:36:54'),
('11X41A0508', 'Image', '6546AADF5099691D0F2E37717F219AF1', '2017-08-06 12:36:58'),
('11X41A0525', 'Image', '6546AADF5099691D0F2E37717F219AF1', '2017-08-06 12:49:13'),
('11X41A0528', 'Image', '6546AADF5099691D0F2E37717F219AF1', '2017-08-06 12:50:16'),
('http://192.168.43.184/api_content/Images/R28/IMG1.WEBP', 'Image', '6546AADF5099691D0F2E37717F219AF1', '2017-08-06 12:50:28'),
('http://192.168.43.184/api_content/Images/R28/IMG1.WEBP', 'Image', '6546AADF5099691D0F2E37717F219AF1', '2017-08-06 12:50:35'),
('11X41A0566', 'Image', '6546AADF5099691D0F2E37717F219AF1', '2017-08-06 12:50:50'),
('http://192.168.43.184/api_content/videos/VID1.mp4', 'video', '6546AADF5099691D0F2E37717F219AF1', '2017-08-06 12:53:38'),
('11X41A0585', 'Image', '6546AADF5099691D0F2E37717F219AF1', '2017-08-06 12:54:06'),
('11X41A0502', 'Image', '6546AADF5099691D0F2E37717F219AF1', '2017-08-06 12:55:46'),
('11X41A0505', 'Image', '6546AADF5099691D0F2E37717F219AF1', '2017-08-06 12:55:51'),
('11X41A0506', 'Image', '6546AADF5099691D0F2E37717F219AF1', '2017-08-06 12:56:03'),
('http://192.168.43.184/api_content/Images/R6/IMG10.WEBP', 'Image', '6546AADF5099691D0F2E37717F219AF1', '2017-08-06 12:56:07'),
('11X41A0507', 'Image', '6546AADF5099691D0F2E37717F219AF1', '2017-08-06 12:56:16'),
('11X41A0508', 'Image', '6546AADF5099691D0F2E37717F219AF1', '2017-08-06 12:56:16'),
('11X41A0510', 'Image', '6546AADF5099691D0F2E37717F219AF1', '2017-08-06 12:56:26'),
('11X41A0519', 'Image', '6546AADF5099691D0F2E37717F219AF1', '2017-08-06 12:56:30'),
('http://192.168.43.184/api_content/Images/R19/IMG4.WEBP', 'Image', '6546AADF5099691D0F2E37717F219AF1', '2017-08-06 12:56:32'),
('11X41A0520', 'Image', '6546AADF5099691D0F2E37717F219AF1', '2017-08-06 12:56:40'),
('11X41A0528', 'Image', '6546AADF5099691D0F2E37717F219AF1', '2017-08-06 12:56:46'),
('11X41A0564', 'Image', '6546AADF5099691D0F2E37717F219AF1', '2017-08-06 12:56:58'),
('11X41A0539', 'Image', '6546AADF5099691D0F2E37717F219AF1', '2017-08-06 12:57:07'),
('11X41A0525', 'Image', '6546AADF5099691D0F2E37717F219AF1', '2017-08-06 12:57:11'),
('11X41A0554', 'Image', '6546AADF5099691D0F2E37717F219AF1', '2017-08-06 12:57:21'),
('11X41A0552', 'Image', '6546AADF5099691D0F2E37717F219AF1', '2017-08-06 12:57:23'),
('11X41A0540', 'Image', '6546AADF5099691D0F2E37717F219AF1', '2017-08-06 12:57:30'),
('11X41A0540', 'Image', '6546AADF5099691D0F2E37717F219AF1', '2017-08-06 12:57:32'),
('11X41A0555', 'Image', '6546AADF5099691D0F2E37717F219AF1', '2017-08-06 12:57:36'),
('11X41A0559', 'Image', '6546AADF5099691D0F2E37717F219AF1', '2017-08-06 12:57:40'),
('11X41A0566', 'Image', '6546AADF5099691D0F2E37717F219AF1', '2017-08-06 12:57:43'),
('11X41A0565', 'Image', '6546AADF5099691D0F2E37717F219AF1', '2017-08-06 12:57:49'),
('11X41A0585', 'Image', '6546AADF5099691D0F2E37717F219AF1', '2017-08-06 12:57:54'),
('11X41A0558', 'Image', '6546AADF5099691D0F2E37717F219AF1', '2017-08-06 13:28:49'),
('http://192.168.43.184/api_content/Images/R58/IMG3.WEBP', 'Image', '6546AADF5099691D0F2E37717F219AF1', '2017-08-06 13:31:23'),
('http://192.168.43.184/api_content/Images/R58/IMG2.WEBP', 'Image', '6546AADF5099691D0F2E37717F219AF1', '2017-08-06 13:31:27'),
('http://192.168.43.184/api_content/videos/VID1.mp4', 'video', '6546AADF5099691D0F2E37717F219AF1', '2017-08-06 13:31:35'),
('11X41A0525', 'Image', '6546AADF5099691D0F2E37717F219AF1', '2017-08-06 13:32:14'),
('http://192.168.43.184/api_content/Images/R25/IMG1.WEBP', 'Image', '6546AADF5099691D0F2E37717F219AF1', '2017-08-06 13:32:18'),
('11X41A0525', 'Image', '6546AADF5099691D0F2E37717F219AF1', '2017-08-06 13:32:25'),
('11X41A0539', 'Image', '6546AADF5099691D0F2E37717F219AF1', '2017-08-06 13:32:28'),
('http://192.168.43.184/api_content/Images/R39/IMG1.WEBP', 'Image', '6546AADF5099691D0F2E37717F219AF1', '2017-08-06 13:32:29'),
('11X41A0540', 'Image', '6546AADF5099691D0F2E37717F219AF1', '2017-08-06 13:41:13'),
('http://192.168.43.184/api_content/Images/R40/IMG1.WEBP', 'Image', '6546AADF5099691D0F2E37717F219AF1', '2017-08-06 13:41:15'),
('http://192.168.43.184/api_content/Images/R40/IMG2.WEBP', 'Image', '6546AADF5099691D0F2E37717F219AF1', '2017-08-06 13:41:20'),
('http://192.168.43.184/api_content/Images/R40/IMG5.WEBP', 'Image', '6546AADF5099691D0F2E37717F219AF1', '2017-08-06 13:41:23'),
('11X41A0525', 'Image', '6546AADF5099691D0F2E37717F219AF1', '2017-08-06 13:42:01'),
('11X41A0565', 'Image', '2365A27911CBEDBF57B615272AADB004', '2017-08-06 13:42:03'),
('http://192.168.43.184/api_content/Images/R65/IMG1.WEBP', 'Image', '2365A27911CBEDBF57B615272AADB004', '2017-08-06 13:42:05'),
('http://192.168.43.184/api_content/Images/R65/IMG2.WEBP', 'Image', '2365A27911CBEDBF57B615272AADB004', '2017-08-06 13:42:08'),
('11X41A0564', 'Image', '6546AADF5099691D0F2E37717F219AF1', '2017-08-06 13:42:15'),
('http://192.168.43.184/api_content/Images/R64/IMG1.WEBP', 'Image', '6546AADF5099691D0F2E37717F219AF1', '2017-08-06 13:42:17'),
('http://192.168.43.184/api_content/Images/R65/IMG3.WEBP', 'Image', '2365A27911CBEDBF57B615272AADB004', '2017-08-06 13:42:17'),
('http://192.168.43.184/api_content/Images/R64/IMG3.WEBP', 'Image', '6546AADF5099691D0F2E37717F219AF1', '2017-08-06 13:42:20'),
('http://192.168.43.184/api_content/Images/R64/IMG3.WEBP', 'Image', '6546AADF5099691D0F2E37717F219AF1', '2017-08-06 13:42:25'),
('http://192.168.43.184/api_content/Images/R64/IMG7.WEBP', 'Image', '6546AADF5099691D0F2E37717F219AF1', '2017-08-06 13:42:27'),
('http://192.168.43.184/api_content/Images/R65/IMG5.WEBP', 'Image', '2365A27911CBEDBF57B615272AADB004', '2017-08-06 13:42:27'),
('11X41A0566', 'Image', '6546AADF5099691D0F2E37717F219AF1', '2017-08-06 13:42:53'),
('http://192.168.43.184/api_content/Images/R66/IMG4.WEBP', 'Image', '6546AADF5099691D0F2E37717F219AF1', '2017-08-06 13:42:54'),
('11X41A0508', 'Image', '6546AADF5099691D0F2E37717F219AF1', '2017-08-06 13:47:01'),
('11X41A0558', 'Image', '6546AADF5099691D0F2E37717F219AF1', '2017-08-06 13:47:35'),
('http://192.168.43.184/api_content/Images/R58/IMG1.WEBP', 'Image', '6546AADF5099691D0F2E37717F219AF1', '2017-08-06 13:47:36'),
('http://192.168.43.184/api_content/Images/R58/IMG2.WEBP', 'Image', '6546AADF5099691D0F2E37717F219AF1', '2017-08-06 13:47:39'),
('http://192.168.43.184/api_content/Images/R58/IMG3.WEBP', 'Image', '6546AADF5099691D0F2E37717F219AF1', '2017-08-06 13:47:44'),
('11X41A0539', 'Image', '6546AADF5099691D0F2E37717F219AF1', '2017-08-06 14:14:03'),
('http://192.168.43.184/api_content/Images/R39/IMG1.WEBP', 'Image', '6546AADF5099691D0F2E37717F219AF1', '2017-08-06 14:14:04'),
('http://192.168.43.184/api_content/Images/R39/IMG2.WEBP', 'Image', '6546AADF5099691D0F2E37717F219AF1', '2017-08-06 14:14:10'),
('11X41A0501', 'Image', '6546AADF5099691D0F2E37717F219AF1', '2017-08-06 14:17:28'),
('11X41A0501', 'Image', '6546AADF5099691D0F2E37717F219AF1', '2017-08-06 14:19:05'),
('http://192.168.43.184/api_content/Images/R01/IMG2.WEBP', 'Image', '6546AADF5099691D0F2E37717F219AF1', '2017-08-06 14:19:09'),
('http://192.168.43.184/api_content/Images/R01/IMG3.WEBP', 'Image', '6546AADF5099691D0F2E37717F219AF1', '2017-08-06 14:19:14'),
('http://192.168.43.184/api_content/Images/R01/IMG4.WEBP', 'Image', '6546AADF5099691D0F2E37717F219AF1', '2017-08-06 14:19:15'),
('11X41A0501', 'Image', '2365A27911CBEDBF57B615272AADB004', '2017-08-06 14:22:24'),
('http://192.168.43.184/api_content/Images/R01/IMG2.WEBP', 'Image', '2365A27911CBEDBF57B615272AADB004', '2017-08-06 14:22:29'),
('11X41A0515', 'Image', '2365A27911CBEDBF57B615272AADB004', '2017-08-06 14:22:41'),
('http://192.168.43.184/api_content/Images/R15/IMG2.WEBP', 'Image', '2365A27911CBEDBF57B615272AADB004', '2017-08-06 14:22:44'),
('http://192.168.43.184/api_content/Images/R15/IMG2.WEBP', 'Image', '2365A27911CBEDBF57B615272AADB004', '2017-08-06 14:23:07'),
('http://192.168.43.184/api_content/Images/R15/IMG3.WEBP', 'Image', '2365A27911CBEDBF57B615272AADB004', '2017-08-06 14:23:11'),
('http://192.168.43.184/api_content/Images/R15/IMG3.WEBP', 'Image', '2365A27911CBEDBF57B615272AADB004', '2017-08-06 14:23:15'),
('http://192.168.43.184/api_content/Images/R15/IMG4.WEBP', 'Image', '2365A27911CBEDBF57B615272AADB004', '2017-08-06 14:23:21'),
('http://192.168.43.184/api_content/Images/R15/IMG5.WEBP', 'Image', '2365A27911CBEDBF57B615272AADB004', '2017-08-06 14:23:22'),
('11X41A0521', 'Image', '6546AADF5099691D0F2E37717F219AF1', '2017-08-06 14:23:42'),
('11X41A0521', 'Image', '2365A27911CBEDBF57B615272AADB004', '2017-08-06 14:24:05'),
('http://192.168.43.184/api_content/Images/R21/IMG2.WEBP', 'Image', '2365A27911CBEDBF57B615272AADB004', '2017-08-06 14:24:15'),
('http://192.168.43.184/api_content/Images/R21/IMG1.WEBP', 'Image', '2365A27911CBEDBF57B615272AADB004', '2017-08-06 14:24:23'),
('http://192.168.43.184/api_content/Images/R21/IMG7.WEBP', 'Image', '2365A27911CBEDBF57B615272AADB004', '2017-08-06 14:24:31'),
('11X41A0521', 'Image', '2365A27911CBEDBF57B615272AADB004', '2017-08-06 14:24:45'),
('http://192.168.43.184/api_content/Images/R21/IMG2.WEBP', 'Image', '2365A27911CBEDBF57B615272AADB004', '2017-08-06 14:24:47'),
('http://192.168.43.184/api_content/Images/R21/IMG4.WEBP', 'Image', '2365A27911CBEDBF57B615272AADB004', '2017-08-06 14:24:49'),
('http://192.168.43.184/api_content/Images/R21/IMG5.WEBP', 'Image', '2365A27911CBEDBF57B615272AADB004', '2017-08-06 14:24:51'),
('11X41A0521', 'Image', '2365A27911CBEDBF57B615272AADB004', '2017-08-06 14:25:18'),
('http://192.168.43.184/api_content/Images/R21/IMG5.WEBP', 'Image', '2365A27911CBEDBF57B615272AADB004', '2017-08-06 14:25:23'),
('http://192.168.43.184/api_content/Images/R21/IMG3.WEBP', 'Image', '2365A27911CBEDBF57B615272AADB004', '2017-08-06 14:25:31'),
('11X41A0521', 'Image', '2365A27911CBEDBF57B615272AADB004', '2017-08-06 14:25:40'),
('http://192.168.43.184/api_content/Images/R21/IMG4.WEBP', 'Image', '2365A27911CBEDBF57B615272AADB004', '2017-08-06 14:25:41'),
('http://192.168.43.184/api_content/Images/R21/IMG3.WEBP', 'Image', '2365A27911CBEDBF57B615272AADB004', '2017-08-06 14:25:46'),
('11X41A0521', 'Image', '2365A27911CBEDBF57B615272AADB004', '2017-08-06 14:25:52'),
('http://192.168.43.184/api_content/Images/R21/IMG6.WEBP', 'Image', '2365A27911CBEDBF57B615272AADB004', '2017-08-06 14:25:54'),
('http://192.168.43.184/api_content/Images/R21/IMG1.WEBP', 'Image', '2365A27911CBEDBF57B615272AADB004', '2017-08-06 14:26:00'),
('11X41A0524', 'Image', '2365A27911CBEDBF57B615272AADB004', '2017-08-06 14:27:03'),
('http://192.168.43.184/api_content/Images/R24/IMG2.WEBP', 'Image', '2365A27911CBEDBF57B615272AADB004', '2017-08-06 14:27:09'),
('http://192.168.43.184/api_content/Images/R24/IMG3.WEBP', 'Image', '2365A27911CBEDBF57B615272AADB004', '2017-08-06 14:27:13'),
('11X41A0525', 'Image', '2365A27911CBEDBF57B615272AADB004', '2017-08-06 14:28:15'),
('http://192.168.43.184/api_content/Images/R25/IMG2.WEBP', 'Image', '2365A27911CBEDBF57B615272AADB004', '2017-08-06 14:28:18'),
('11X41A0529', 'Image', '6546AADF5099691D0F2E37717F219AF1', '2017-08-06 14:29:13'),
('11X41A0559', 'Image', '2365A27911CBEDBF57B615272AADB004', '2017-08-06 14:31:21'),
('11X41A0529', 'Image', '2365A27911CBEDBF57B615272AADB004', '2017-08-06 14:31:35'),
('11X41A0529', 'Image', '6546AADF5099691D0F2E37717F219AF1', '2017-08-06 14:31:37'),
('http://192.168.43.184/api_content/Images/R29/IMG1.WEBP', 'Image', '6546AADF5099691D0F2E37717F219AF1', '2017-08-06 14:31:38'),
('11X41A0554', 'Image', '2365A27911CBEDBF57B615272AADB004', '2017-08-06 14:32:08'),
('11X41A0565', 'Image', '2365A27911CBEDBF57B615272AADB004', '2017-08-06 14:32:18'),
('11X41A0528', 'Image', '2365A27911CBEDBF57B615272AADB004', '2017-08-06 14:32:45'),
('11X41A0528', 'Image', '2365A27911CBEDBF57B615272AADB004', '2017-08-06 14:32:51'),
('11X41A0533', 'Image', '6546AADF5099691D0F2E37717F219AF1', '2017-08-06 14:33:41'),
('http://192.168.43.184/api_content/Images/R33/IMG2.WEBP', 'Image', '6546AADF5099691D0F2E37717F219AF1', '2017-08-06 14:33:44'),
('11X41A0533', 'Image', '2365A27911CBEDBF57B615272AADB004', '2017-08-06 14:33:49'),
('http://192.168.43.184/api_content/Images/R33/IMG3.WEBP', 'Image', '6546AADF5099691D0F2E37717F219AF1', '2017-08-06 14:33:53'),
('http://192.168.43.184/api_content/Images/R33/IMG4.WEBP', 'Image', '6546AADF5099691D0F2E37717F219AF1', '2017-08-06 14:33:54'),
('http://192.168.43.184/api_content/Images/R33/IMG1.WEBP', 'Image', '6546AADF5099691D0F2E37717F219AF1', '2017-08-06 14:33:56'),
('http://192.168.43.184/api_content/Images/R33/IMG4.WEBP', 'Image', '6546AADF5099691D0F2E37717F219AF1', '2017-08-06 14:33:59'),
('11X41A0533', 'Image', '6546AADF5099691D0F2E37717F219AF1', '2017-08-06 14:34:03'),
('11X41A0533', 'Image', '6546AADF5099691D0F2E37717F219AF1', '2017-08-06 14:34:08'),
('11X41A0533', 'Image', '2365A27911CBEDBF57B615272AADB004', '2017-08-06 14:34:13'),
('http://192.168.43.184/api_content/Images/R33/IMG2.WEBP', 'Image', '2365A27911CBEDBF57B615272AADB004', '2017-08-06 14:34:16'),
('http://192.168.43.184/api_content/Images/R33/IMG3.WEBP', 'Image', '2365A27911CBEDBF57B615272AADB004', '2017-08-06 14:34:22'),
('http://192.168.43.184/api_content/Images/R33/IMG1.WEBP', 'Image', '2365A27911CBEDBF57B615272AADB004', '2017-08-06 14:34:26'),
('http://192.168.43.184/api_content/Images/R33/IMG4.WEBP', 'Image', '2365A27911CBEDBF57B615272AADB004', '2017-08-06 14:34:27'),
('11X41A0533', 'Image', '6546AADF5099691D0F2E37717F219AF1', '2017-08-06 14:35:25'),
('11X41A0533', 'Image', '2365A27911CBEDBF57B615272AADB004', '2017-08-06 14:38:10'),
('11X41A0535', 'Image', '2365A27911CBEDBF57B615272AADB004', '2017-08-06 14:38:15'),
('http://192.168.43.184/api_content/Images/R35/IMG4.WEBP', 'Image', '2365A27911CBEDBF57B615272AADB004', '2017-08-06 14:38:21'),
('http://192.168.43.184/api_content/Images/R35/IMG7.WEBP', 'Image', '2365A27911CBEDBF57B615272AADB004', '2017-08-06 14:38:34'),
('http://192.168.43.184/api_content/Images/R35/IMG6.WEBP', 'Image', '2365A27911CBEDBF57B615272AADB004', '2017-08-06 14:38:36'),
('http://192.168.43.184/api_content/Images/R35/IMG5.WEBP', 'Image', '2365A27911CBEDBF57B615272AADB004', '2017-08-06 14:38:38'),
('http://192.168.43.184/api_content/Images/R35/IMG4.WEBP', 'Image', '2365A27911CBEDBF57B615272AADB004', '2017-08-06 14:38:43'),
('http://192.168.43.184/api_content/Images/R35/IMG1.WEBP', 'Image', '2365A27911CBEDBF57B615272AADB004', '2017-08-06 14:38:46'),
('http://192.168.43.184/api_content/Images/R35/IMG3.WEBP', 'Image', '2365A27911CBEDBF57B615272AADB004', '2017-08-06 14:38:52'),
('http://192.168.43.184/api_content/Images/R35/IMG2.WEBP', 'Image', '2365A27911CBEDBF57B615272AADB004', '2017-08-06 14:38:56'),
('11X41A0544', 'Image', '2365A27911CBEDBF57B615272AADB004', '2017-08-06 14:41:27'),
('http://192.168.43.184/api_content/Images/R44/IMG1.WEBP', 'Image', '2365A27911CBEDBF57B615272AADB004', '2017-08-06 14:41:31'),
('http://192.168.43.184/api_content/Images/R44/IMG1.WEBP', 'Image', '2365A27911CBEDBF57B615272AADB004', '2017-08-06 14:41:36'),
('http://192.168.43.184/api_content/Images/R44/IMG2.WEBP', 'Image', '2365A27911CBEDBF57B615272AADB004', '2017-08-06 14:41:42'),
('http://192.168.43.184/api_content/Images/R44/IMG1.WEBP', 'Image', '2365A27911CBEDBF57B615272AADB004', '2017-08-06 14:41:45'),
('11X41A0535', 'Image', '6546AADF5099691D0F2E37717F219AF1', '2017-08-06 14:43:06'),
('11X41A0547', 'Image', '6546AADF5099691D0F2E37717F219AF1', '2017-08-06 14:43:14'),
('http://192.168.43.184/api_content/Images/R47/IMG1.WEBP', 'Image', '6546AADF5099691D0F2E37717F219AF1', '2017-08-06 14:43:16'),
('http://192.168.43.184/api_content/Images/R47/IMG2.WEBP', 'Image', '6546AADF5099691D0F2E37717F219AF1', '2017-08-06 14:43:21'),
('11X41A0521', 'Image', '2365A27911CBEDBF57B615272AADB004', '2017-08-06 14:45:45'),
('11X41A0553', 'Image', '6546AADF5099691D0F2E37717F219AF1', '2017-08-06 14:45:47'),
('http://192.168.43.184/api_content/Images/R53/IMG4.WEBP', 'Image', '6546AADF5099691D0F2E37717F219AF1', '2017-08-06 14:45:48'),
('http://192.168.43.184/api_content/Images/R53/IMG1.WEBP', 'Image', '6546AADF5099691D0F2E37717F219AF1', '2017-08-06 14:45:56'),
('http://192.168.43.184/api_content/Images/R53/IMG5.WEBP', 'Image', '6546AADF5099691D0F2E37717F219AF1', '2017-08-06 14:46:00'),
('http://192.168.43.184/api_content/Images/R53/IMG6.WEBP', 'Image', '6546AADF5099691D0F2E37717F219AF1', '2017-08-06 14:46:04'),
('11X41A0559', 'Image', '6546AADF5099691D0F2E37717F219AF1', '2017-08-06 14:50:09'),
('11X41A0559', 'Image', '2365A27911CBEDBF57B615272AADB004', '2017-08-06 14:50:09'),
('http://192.168.43.184/api_content/Images/R59/IMG5.WEBP', 'Image', '2365A27911CBEDBF57B615272AADB004', '2017-08-06 14:50:24'),
('http://192.168.43.184/api_content/Images/R59/IMG4.WEBP', 'Image', '2365A27911CBEDBF57B615272AADB004', '2017-08-06 14:50:34'),
('11X41A0559', 'Image', '2365A27911CBEDBF57B615272AADB004', '2017-08-06 14:50:50'),
('11X41A0559', 'Image', '6546AADF5099691D0F2E37717F219AF1', '2017-08-06 14:50:53'),
('11X41A0559', 'Image', '2365A27911CBEDBF57B615272AADB004', '2017-08-06 14:51:09'),
('11X41A0559', 'Image', '6546AADF5099691D0F2E37717F219AF1', '2017-08-06 14:51:15'),
('11X41A0559', 'Image', '2365A27911CBEDBF57B615272AADB004', '2017-08-06 14:51:26'),
('http://192.168.43.184/api_content/Images/R59/IMG2.WEBP', 'Image', '2365A27911CBEDBF57B615272AADB004', '2017-08-06 14:51:28'),
('11X41A0558', 'Image', '6546AADF5099691D0F2E37717F219AF1', '2017-08-06 14:51:29'),
('http://192.168.43.184/api_content/Images/R58/IMG2.WEBP', 'Image', '6546AADF5099691D0F2E37717F219AF1', '2017-08-06 14:51:30'),
('http://192.168.43.184/api_content/Images/R59/IMG1.WEBP', 'Image', '2365A27911CBEDBF57B615272AADB004', '2017-08-06 14:51:31'),
('http://192.168.43.184/api_content/Images/R59/IMG3.WEBP', 'Image', '2365A27911CBEDBF57B615272AADB004', '2017-08-06 14:51:32'),
('http://192.168.43.184/api_content/Images/R58/IMG3.WEBP', 'Image', '6546AADF5099691D0F2E37717F219AF1', '2017-08-06 14:51:33'),
('http://192.168.43.184/api_content/Images/R59/IMG4.WEBP', 'Image', '2365A27911CBEDBF57B615272AADB004', '2017-08-06 14:51:35'),
('http://192.168.43.184/api_content/Images/R59/IMG5.WEBP', 'Image', '2365A27911CBEDBF57B615272AADB004', '2017-08-06 14:51:40'),
('http://192.168.43.184/api_content/Images/R59/IMG6.WEBP', 'Image', '2365A27911CBEDBF57B615272AADB004', '2017-08-06 14:51:49'),
('11X41A0528', 'Image', '2365A27911CBEDBF57B615272AADB004', '2017-08-06 14:53:06'),
('http://192.168.43.184/api_content/Images/R28/IMG7.WEBP', 'Image', '2365A27911CBEDBF57B615272AADB004', '2017-08-06 14:53:10'),
('http://192.168.43.184/api_content/Images/R28/IMG6.WEBP', 'Image', '2365A27911CBEDBF57B615272AADB004', '2017-08-06 14:53:14'),
('11X41A0505', 'Image', '2365A27911CBEDBF57B615272AADB004', '2017-08-06 14:53:22'),
('11X41A0560', 'Image', '2365A27911CBEDBF57B615272AADB004', '2017-08-06 14:53:55'),
('http://192.168.43.184/api_content/Images/R60/IMG8.WEBP', 'Image', '2365A27911CBEDBF57B615272AADB004', '2017-08-06 14:54:02'),
('11X41A0563', 'Image', '2365A27911CBEDBF57B615272AADB004', '2017-08-06 15:02:20'),
('http://192.168.43.184/api_content/Images/R63/IMG3.WEBP', 'Image', '2365A27911CBEDBF57B615272AADB004', '2017-08-06 15:02:30'),
('http://192.168.43.184/api_content/Images/R63/IMG7.WEBP', 'Image', '2365A27911CBEDBF57B615272AADB004', '2017-08-06 15:02:34'),
('11X41A0558', 'Image', '2365A27911CBEDBF57B615272AADB004', '2017-08-06 15:07:36'),
('11X41A0505', 'Image', '2365A27911CBEDBF57B615272AADB004', '2017-08-06 15:07:43'),
('11X41A0501', 'Image', 'D5C920EEE033068B8EF9B8D939713E1C', '2017-08-06 15:08:57'),
('11X41A0502', 'Image', 'D5C920EEE033068B8EF9B8D939713E1C', '2017-08-06 15:09:01'),
('11X41A0505', 'Image', 'D5C920EEE033068B8EF9B8D939713E1C', '2017-08-06 15:09:05'),
('11X41A0506', 'Image', 'D5C920EEE033068B8EF9B8D939713E1C', '2017-08-06 15:09:12'),
('11X41A0507', 'Image', 'D5C920EEE033068B8EF9B8D939713E1C', '2017-08-06 15:09:19'),
('http://192.168.43.184/api_content/Images/R7/IMG2.WEBP', 'Image', 'D5C920EEE033068B8EF9B8D939713E1C', '2017-08-06 15:09:24'),
('http://192.168.43.184/api_content/Images/R7/IMG4.WEBP', 'Image', 'D5C920EEE033068B8EF9B8D939713E1C', '2017-08-06 15:09:27'),
('http://192.168.43.184/api_content/Images/R7/IMG6.WEBP', 'Image', 'D5C920EEE033068B8EF9B8D939713E1C', '2017-08-06 15:09:30'),
('11X41A0508', 'Image', 'D5C920EEE033068B8EF9B8D939713E1C', '2017-08-06 15:09:45'),
('http://192.168.43.184/api_content/Images/R8/IMG2.webp', 'Image', 'D5C920EEE033068B8EF9B8D939713E1C', '2017-08-06 15:09:48'),
('11X41A0510', 'Image', 'D5C920EEE033068B8EF9B8D939713E1C', '2017-08-06 15:09:54'),
('11X41A0515', 'Image', 'D5C920EEE033068B8EF9B8D939713E1C', '2017-08-06 15:10:05'),
('11X41A0510', 'Image', 'D5C920EEE033068B8EF9B8D939713E1C', '2017-08-06 15:10:09'),
('11X41A0519', 'Image', 'D5C920EEE033068B8EF9B8D939713E1C', '2017-08-06 15:10:18'),
('11X41A0520', 'Image', 'D5C920EEE033068B8EF9B8D939713E1C', '2017-08-06 15:10:24'),
('11X41A0521', 'Image', 'D5C920EEE033068B8EF9B8D939713E1C', '2017-08-06 15:10:30'),
('11X41A0505', 'Image', 'D5C920EEE033068B8EF9B8D939713E1C', '2017-08-06 15:10:39'),
('11X41A0524', 'Image', 'D5C920EEE033068B8EF9B8D939713E1C', '2017-08-06 15:10:56'),
('11X41A0528', 'Image', 'D5C920EEE033068B8EF9B8D939713E1C', '2017-08-06 15:11:01'),
('11X41A0525', 'Image', 'D5C920EEE033068B8EF9B8D939713E1C', '2017-08-06 15:11:07'),
('11X41A0535', 'Image', 'D5C920EEE033068B8EF9B8D939713E1C', '2017-08-06 15:11:15'),
('11X41A0529', 'Image', 'D5C920EEE033068B8EF9B8D939713E1C', '2017-08-06 15:11:20'),
('11X41A0544', 'Image', 'D5C920EEE033068B8EF9B8D939713E1C', '2017-08-06 15:11:24'),
('11X41A0547', 'Image', 'D5C920EEE033068B8EF9B8D939713E1C', '2017-08-06 15:11:27'),
('11X41A0553', 'Image', 'D5C920EEE033068B8EF9B8D939713E1C', '2017-08-06 15:11:39'),
('11X41A0553', 'Image', 'D5C920EEE033068B8EF9B8D939713E1C', '2017-08-06 15:11:39'),
('11X41A0553', 'Image', 'D5C920EEE033068B8EF9B8D939713E1C', '2017-08-06 15:11:40'),
('11X41A0555', 'Image', 'D5C920EEE033068B8EF9B8D939713E1C', '2017-08-06 15:11:45'),
('11X41A0558', 'Image', 'D5C920EEE033068B8EF9B8D939713E1C', '2017-08-06 15:11:50'),
('11X41A0565', 'Image', 'D5C920EEE033068B8EF9B8D939713E1C', '2017-08-06 15:11:55'),
('11X41A0566', 'Image', 'D5C920EEE033068B8EF9B8D939713E1C', '2017-08-06 15:12:03'),
('11X41A0566', 'Image', 'D5C920EEE033068B8EF9B8D939713E1C', '2017-08-06 15:12:10'),
('11X41A0564', 'Image', 'D5C920EEE033068B8EF9B8D939713E1C', '2017-08-06 15:12:12'),
('11X41A0559', 'Image', 'D5C920EEE033068B8EF9B8D939713E1C', '2017-08-06 15:12:18'),
('11X41A0563', 'Image', 'D5C920EEE033068B8EF9B8D939713E1C', '2017-08-06 15:12:27'),
('11X41A0566', 'Image', 'D5C920EEE033068B8EF9B8D939713E1C', '2017-08-06 15:12:57'),
('http://192.168.43.184/api_content/Images/R66/IMG1.WEBP', 'Image', 'D5C920EEE033068B8EF9B8D939713E1C', '2017-08-06 15:12:59'),
('http://192.168.43.184/api_content/Images/R66/IMG2.WEBP', 'Image', 'D5C920EEE033068B8EF9B8D939713E1C', '2017-08-06 15:13:02'),
('http://192.168.43.184/api_content/Images/R66/IMG3.WEBP', 'Image', 'D5C920EEE033068B8EF9B8D939713E1C', '2017-08-06 15:13:05'),
('http://192.168.43.184/api_content/Images/R5/IMG5.WEBP', 'Image', '2365A27911CBEDBF57B615272AADB004', '2017-08-06 15:13:59'),
('http://192.168.43.184/api_content/Images/R5/IMG3.WEBP', 'Image', '2365A27911CBEDBF57B615272AADB004', '2017-08-06 15:14:01'),
('11X41A0507', 'Image', '9BCC158F28D70FAD19FB74EC8B7B482B', '2017-08-06 16:08:34'),
('http://192.168.43.184/api_content/Images/R7/IMG3.WEBP', 'Image', '9BCC158F28D70FAD19FB74EC8B7B482B', '2017-08-06 16:08:43'),
('11X41A0510', 'Image', '9BCC158F28D70FAD19FB74EC8B7B482B', '2017-08-06 16:09:06'),
('11X41A0521', 'Image', '9BCC158F28D70FAD19FB74EC8B7B482B', '2017-08-06 16:23:16'),
('http://192.168.43.184/api_content/Images/R21/IMG6.WEBP', 'Image', '9BCC158F28D70FAD19FB74EC8B7B482B', '2017-08-06 16:23:25'),
('11X41A0505', 'Image', 'D5C920EEE033068B8EF9B8D939713E1C', '2017-08-06 16:32:32'),
('http://192.168.43.184/api_content/Images/R5/IMG4.WEBP', 'Image', 'D5C920EEE033068B8EF9B8D939713E1C', '2017-08-06 16:32:34'),
('http://192.168.43.184/api_content/Images/R5/IMG5.WEBP', 'Image', 'D5C920EEE033068B8EF9B8D939713E1C', '2017-08-06 16:32:37'),
('http://192.168.43.184/api_content/videos/VID1.mp4', 'video', 'D5C920EEE033068B8EF9B8D939713E1C', '2017-08-06 16:37:48'),
('11X41A0539', 'Image', '9BCC158F28D70FAD19FB74EC8B7B482B', '2017-08-06 16:38:15'),
('http://192.168.43.184/api_content/Images/R39/IMG1.WEBP', 'Image', '9BCC158F28D70FAD19FB74EC8B7B482B', '2017-08-06 16:38:17'),
('http://192.168.43.184/api_content/Images/R39/IMG2.WEBP', 'Image', '9BCC158F28D70FAD19FB74EC8B7B482B', '2017-08-06 16:38:23'),
('http://192.168.43.184/api_content/videos/VID1.mp4', 'video', '2365A27911CBEDBF57B615272AADB004', '2017-08-06 16:43:37'),
('11X41A0514', 'Image', 'D5C920EEE033068B8EF9B8D939713E1C', '2017-08-06 17:17:10'),
('http://192.168.43.184/api_content/Images/R14/IMG1.WEBP', 'Image', 'D5C920EEE033068B8EF9B8D939713E1C', '2017-08-06 17:17:11'),
('http://192.168.43.184/api_content/Images/R14/IMG2.WEBP', 'Image', 'D5C920EEE033068B8EF9B8D939713E1C', '2017-08-06 17:17:21'),
('http://192.168.43.184/api_content/Images/R14/IMG1.WEBP', 'Image', 'D5C920EEE033068B8EF9B8D939713E1C', '2017-08-06 17:17:25'),
('http://192.168.43.184/api_content/Images/R14/IMG1.WEBP', 'Image', 'D5C920EEE033068B8EF9B8D939713E1C', '2017-08-06 17:17:29'),
('http://192.168.43.184/api_content/Images/R14/IMG1.WEBP', 'Image', 'D5C920EEE033068B8EF9B8D939713E1C', '2017-08-06 17:17:30'),
('11X41A0514', 'Image', 'D5C920EEE033068B8EF9B8D939713E1C', '2017-08-06 17:17:34'),
('11X41A0518', 'Image', 'D5C920EEE033068B8EF9B8D939713E1C', '2017-08-06 17:19:25'),
('11X41A0518', 'Image', 'D5C920EEE033068B8EF9B8D939713E1C', '2017-08-06 17:20:07'),
('http://192.168.43.184/api_content/Images/R18/IMG5.WEBP', 'Image', 'D5C920EEE033068B8EF9B8D939713E1C', '2017-08-06 17:20:12'),
('11X41A0522', 'Image', 'D5C920EEE033068B8EF9B8D939713E1C', '2017-08-06 17:22:04'),
('11X41A0522', 'Image', 'D5C920EEE033068B8EF9B8D939713E1C', '2017-08-06 17:23:11'),
('http://192.168.43.184/api_content/Images/R22/IMG1.WEBP', 'Image', 'D5C920EEE033068B8EF9B8D939713E1C', '2017-08-06 17:23:13'),
('http://192.168.43.184/api_content/Images/R22/IMG4.WEBP', 'Image', 'D5C920EEE033068B8EF9B8D939713E1C', '2017-08-06 17:23:16'),
('http://192.168.43.184/api_content/Images/R22/IMG5.WEBP', 'Image', 'D5C920EEE033068B8EF9B8D939713E1C', '2017-08-06 17:23:19'),
('http://192.168.43.184/api_content/Images/R22/IMG6.WEBP', 'Image', 'D5C920EEE033068B8EF9B8D939713E1C', '2017-08-06 17:23:23'),
('11X41A0502', 'Image', 'D5C920EEE033068B8EF9B8D939713E1C', '2017-08-06 17:23:33'),
('11X41A0508', 'Image', 'D5C920EEE033068B8EF9B8D939713E1C', '2017-08-06 17:23:42'),
('http://192.168.43.184/api_content/Images/R8/IMG2.webp', 'Image', 'D5C920EEE033068B8EF9B8D939713E1C', '2017-08-06 17:23:45'),
('11X41A0553', 'Image', 'D5C920EEE033068B8EF9B8D939713E1C', '2017-08-06 17:24:00'),
('11X41A0526', 'Image', 'D5C920EEE033068B8EF9B8D939713E1C', '2017-08-06 17:26:52'),
('http://192.168.43.184/api_content/Images/R26/IMG1.WEBP', 'Image', 'D5C920EEE033068B8EF9B8D939713E1C', '2017-08-06 17:26:54'),
('11X41A0515', 'Image', 'D5C920EEE033068B8EF9B8D939713E1C', '2017-08-06 17:28:30'),
('11X41A0524', 'Image', 'D5C920EEE033068B8EF9B8D939713E1C', '2017-08-06 17:28:34'),
('11X41A0564', 'Image', 'D5C920EEE033068B8EF9B8D939713E1C', '2017-08-06 17:29:00'),
('11X41A0566', 'Image', 'D5C920EEE033068B8EF9B8D939713E1C', '2017-08-06 17:29:06'),
('11X41A0532', 'Image', 'D5C920EEE033068B8EF9B8D939713E1C', '2017-08-06 17:29:18'),
('11X41A0502', 'Image', 'D5C920EEE033068B8EF9B8D939713E1C', '2017-08-06 17:30:37'),
('http://192.168.43.184/api_content/videos/VID1.mp4', 'video', 'D5C920EEE033068B8EF9B8D939713E1C', '2017-08-06 17:31:41'),
('11X41A0534', 'Image', 'D5C920EEE033068B8EF9B8D939713E1C', '2017-08-06 17:33:32'),
('11X41A0543', 'Image', 'D5C920EEE033068B8EF9B8D939713E1C', '2017-08-06 17:33:53'),
('http://192.168.43.184/api_content/Images/R43/IMG1.WEBP', 'Image', 'D5C920EEE033068B8EF9B8D939713E1C', '2017-08-06 17:33:55'),
('http://192.168.43.184/api_content/Images/R43/IMG2.WEBP', 'Image', 'D5C920EEE033068B8EF9B8D939713E1C', '2017-08-06 17:33:59'),
('http://192.168.43.184/api_content/Images/R43/IMG3.WEBP', 'Image', 'D5C920EEE033068B8EF9B8D939713E1C', '2017-08-06 17:34:04'),
('http://192.168.43.184/api_content/Images/R43/IMG5.WEBP', 'Image', 'D5C920EEE033068B8EF9B8D939713E1C', '2017-08-06 17:34:07'),
('http://192.168.43.184/api_content/Images/R43/IMG6.WEBP', 'Image', 'D5C920EEE033068B8EF9B8D939713E1C', '2017-08-06 17:34:09'),
('http://192.168.43.184/api_content/Images/R43/IMG4.WEBP', 'Image', 'D5C920EEE033068B8EF9B8D939713E1C', '2017-08-06 17:34:16'),
('11X41A0551', 'Image', 'D5C920EEE033068B8EF9B8D939713E1C', '2017-08-06 17:36:25'),
('http://192.168.43.184/api_content/Images/R51/IMG1.WEBP', 'Image', 'D5C920EEE033068B8EF9B8D939713E1C', '2017-08-06 17:36:27'),
('http://192.168.43.184/api_content/Images/R51/IMG2.WEBP', 'Image', 'D5C920EEE033068B8EF9B8D939713E1C', '2017-08-06 17:36:31'),
('11X41A0539', 'Image', 'D5C920EEE033068B8EF9B8D939713E1C', '2017-08-06 17:36:39'),
('http://192.168.43.184/api_content/Images/R39/IMG1.WEBP', 'Image', 'D5C920EEE033068B8EF9B8D939713E1C', '2017-08-06 17:36:40'),
('11X41A0510', 'Image', 'D5C920EEE033068B8EF9B8D939713E1C', '2017-08-06 17:39:59'),
('http://192.168.43.184/api_content/Images/R10/IMG5.WEBP', 'Image', 'D5C920EEE033068B8EF9B8D939713E1C', '2017-08-06 17:40:02'),
('http://192.168.43.184/api_content/Images/R10/IMG4.WEBP', 'Image', 'D5C920EEE033068B8EF9B8D939713E1C', '2017-08-06 17:40:04'),
('http://192.168.43.184/api_content/Images/R10/IMG1.WEBP', 'Image', 'D5C920EEE033068B8EF9B8D939713E1C', '2017-08-06 17:40:05'),
('http://192.168.43.184/api_content/Images/R10/IMG3.WEBP', 'Image', 'D5C920EEE033068B8EF9B8D939713E1C', '2017-08-06 17:40:07'),
('11X41A0526', 'Image', 'D5C920EEE033068B8EF9B8D939713E1C', '2017-08-06 18:08:30');

-- --------------------------------------------------------

--
-- Table structure for table `tb_m_users`
--

CREATE TABLE `tb_m_users` (
  `u_uid` varchar(120) NOT NULL,
  `first_name` varchar(90) NOT NULL,
  `last_name` varchar(90) NOT NULL,
  `email` varchar(120) NOT NULL,
  `login_id` varchar(120) NOT NULL,
  `profile_pic` varchar(350) NOT NULL,
  `gender` varchar(10) NOT NULL,
  `dob` varchar(10) NOT NULL,
  `time_created` timestamp NOT NULL DEFAULT CURRENT_TIMESTAMP,
  `time_updated` timestamp NOT NULL DEFAULT '0000-00-00 00:00:00'
) ENGINE=InnoDB DEFAULT CHARSET=latin1;

--
-- Dumping data for table `tb_m_users`
--

INSERT INTO `tb_m_users` (`u_uid`, `first_name`, `last_name`, `email`, `login_id`, `profile_pic`, `gender`, `dob`, `time_created`, `time_updated`) VALUES
('058C652D3551887A99738089EFC89129', 'Shiv', 'Manda', 'shivmanda@yahoo.com', 'FACEBOOK:10214197477349577', 'https://scontent.xx.fbcdn.net/v/t1.0-1/p200x200/17800298_10212866742442036_2265783650978077731_n.jpg?oh=9387ba0dd3fa1b7466e1fb2cb65e7600&oe=59F188FF', 'male', 'XX-XX-XXXX', '2017-08-03 08:18:21', '0000-00-00 00:00:00'),
('2365A27911CBEDBF57B615272AADB004', 'Sai Sandeep', 'Kollipara', 'saisandy521@gmail.com', 'GOOGLE:104358067978091668551', 'https://lh5.googleusercontent.com/-zZs8NlPqwY0/AAAAAAAAAAI/AAAAAAAAEOc/o8X4djkYT1Y/photo.jpg', 'XXXX', 'XX-XX-XXXX', '2017-08-02 18:37:16', '2017-08-06 09:50:40'),
('34DB6C6E0839D4B453E774B57E6296F5', 'Asia', 'Redeem', 'redeemasia6@gmail.com', 'GOOGLE:116771567177717511477', 'http://pix.follo.in/1/289807/250x250/alia-bhatt-flashes-her-dimpled-smile-in-th.jpg', 'XXXX', 'XX-XX-XXXX', '2017-08-02 18:28:52', '2017-08-02 20:03:25'),
('6546AADF5099691D0F2E37717F219AF1', 'Gokul', 'Kalagara', 'gokul@zup.today', 'GOOGLE:115675054996837081344', 'https://lh6.googleusercontent.com/-S-b3JoVp0ZE/AAAAAAAAAAI/AAAAAAAAACY/DCxdo6z0j_o/photo.jpg', 'XXXX', 'XX-XX-XXXX', '2017-07-31 17:48:14', '2017-08-03 12:52:03'),
('761E3B3CDD2A98C1E0EA8701948483BE', 'Murali', 'Katragadda', 'murali.katragadda786@gmail.com', 'Google:1234567829', 'http://pix.follo.in/1/289807/250x250/alia-bhatt-flashes-her-dimpled-smile-in-th.jpg', 'male', '04-08-1994', '2017-08-02 03:30:33', '2017-08-02 03:31:40'),
('9BCC158F28D70FAD19FB74EC8B7B482B', 'Balaji', 'V', 'balajiivenkateswaran@gmail.com', 'GOOGLE:105057172563682949720', 'https://lh4.googleusercontent.com/-QVSkl_iEXpY/AAAAAAAAAAI/AAAAAAAAACU/07an3wJto_M/photo.jpg', 'XXXX', 'XX-XX-XXXX', '2017-08-06 10:34:50', '2017-08-06 10:55:40'),
('D4E7A56B461F4CA3802BE19C386F2972', 'Gokul', 'K14', 'developer1439@gmail.com', 'Google:987654321', 'http://pix.follo.in/1/289807/250x250/alia-bhatt-flashes-her-dimpled-smile-in-th.jpg', 'male', '04-08-1994', '2017-08-02 03:38:16', '0000-00-00 00:00:00'),
('D5C920EEE033068B8EF9B8D939713E1C', 'gokul', 'kalagara', 'gokulkalagara@gmail.com', 'GOOGLE:116224105941222961776', 'https://lh5.googleusercontent.com/-nqHdVgQyBl4/AAAAAAAAAAI/AAAAAAAAAZQ/Zh8U9kHXWwM/photo.jpg', 'XXXX', 'XX-XX-XXXX', '2017-08-02 09:24:30', '2017-08-06 10:33:34'),
('E3D9AE5670EC1A08D74B39DBDCD26B29', 'Sai', 'Kollipara', 'sandeepbadass@gmail.com', 'FACEBOOK:1644314148944108', 'https://scontent.xx.fbcdn.net/v/t1.0-1/p200x200/12006234_966464106729119_1730811741418536996_n.jpg?oh=00e82eb42bae3ef7baa956ecdbe0c66a&oe=59FBDDDF', 'male', 'XX-XX-XXXX', '2017-08-06 11:20:02', '0000-00-00 00:00:00'),
('E86510BEED3799F71CEDC8CC56B059E9', 'Gokul', 'Maya', 'gokulkalagara@gmail.com', 'FACEBOOK:1234567829', 'http://www.cinepunch.in/wp-content/uploads/2015/06/screenshot-pbs.twimg_.com-2015-06-25-18-24-55.png', 'male', '04-08-1994', '2017-08-02 03:29:22', '0000-00-00 00:00:00'),
('EE0CB1A95BA453428290CB3E48381A32', 'Gokul', 'Kalagara', 'gokulkalagara@gmail.com', 'FACEBOOK:1225275200910783', 'https://scontent.xx.fbcdn.net/v/t1.0-1/p200x200/17990903_1135517926553178_204251262072545485_n.jpg?oh=c77df3008b9676acc2dc6525a72c0580&oe=59ED72DA', 'male', 'XX-XX-XXXX', '2017-08-02 09:20:25', '2017-08-02 20:03:36');

--
-- Triggers `tb_m_users`
--
DELIMITER $$
CREATE TRIGGER `create_user_uuid` BEFORE INSERT ON `tb_m_users` FOR EACH ROW SET new.u_uid= HEX(AES_ENCRYPT(NOW()+UNIX_TIMESTAMP(), 'M#Y#M$D514'))
$$
DELIMITER ;

-- --------------------------------------------------------

--
-- Table structure for table `tb_m_users_tokens`
--

CREATE TABLE `tb_m_users_tokens` (
  `imei` varchar(20) NOT NULL,
  `fcm_token` text,
  `platform` varchar(1) NOT NULL,
  `u_uid` varchar(120) DEFAULT NULL,
  `time_created` timestamp NOT NULL DEFAULT CURRENT_TIMESTAMP,
  `time_updated` timestamp NOT NULL DEFAULT '0000-00-00 00:00:00'
) ENGINE=InnoDB DEFAULT CHARSET=latin1;

--
-- Dumping data for table `tb_m_users_tokens`
--

INSERT INTO `tb_m_users_tokens` (`imei`, `fcm_token`, `platform`, `u_uid`, `time_created`, `time_updated`) VALUES
('5c18df4d4e085926', 'dHdJcXfLv0c:APA91bE6PN3TakHRNAsgoVOEKeCK7nJRGQI_IWPfFJ1oyLVMsNeZaNHWTsZDlLesVG9Bgt8WdPSHXmaRBMROsVtbYXQvoUEb0A5c3dv2pkqEUNWRQ_5IOHMUOd5PRLvGWjfMRwBNWyIE', 'A', '058C652D3551887A99738089EFC89129', '2017-08-03 08:18:21', '0000-00-00 00:00:00'),
('886f8a8ca0979231', 'fUXVHpFh8vI:APA91bG2UpaOw2BUS5wfm5X9ZCPEKhoJhn3VGQ1OmJVUeyIqCmajwGDvjrrQ2iVavMyxSvOQ7UzDhX8XYNYmQQR8AC9MCxx8k5PqZLk_W4Qo2cstCIXYzOJVOJ5JPbbGiWiqWoUWBw0Z', 'A', '34DB6C6E0839D4B453E774B57E6296F5', '2017-08-02 18:28:54', '2017-08-02 20:03:25'),
('a5063d6d25442ad0', 'dHgHDwD6o04:APA91bGbqfwZfK7k4UYBqr-XEPZaTPK-ye8x3ygseVxjcs215OV-s3uOrfN9Hah54R5-x3aLdw1KnM6RJWmhhXEasQOpj18H39CpddsYiHwDY3ChrNbX9FPrQeByYcFqY-j79iDOaGu2', 'A', '9BCC158F28D70FAD19FB74EC8B7B482B', '2017-08-06 10:34:51', '2017-08-06 10:55:40'),
('c9c83c41bc9198f7', 'cuugvJZM3gY:APA91bEw3LsnUDQzlwe_Ssu68JLScVkRl6x0psKFyh3lZikI2knDe7cDTTqdJ15PsfpZkK9s3huEAjmwshUidmY2mcZ99n-HGKN-uMqsTvdu55liRsSF9zQIww', 'A', 'EE0CB1A95BA453428290CB3E48381A32', '2017-08-02 12:41:56', '2017-08-02 12:42:44'),
('c9c83c41bc9198f8', 'ecLT6pB4Byc:APA91bFXvOyIG7-E11hhM-9_OBJOByV1r-3xq20XwRFI6kzer9o1wIPNxRoBisfVZoK4cXXq4C0e-CBbByLrpEtqyM2R4-cpU-3WHGBjOtsa23-0-k7A41eHDA-nq4a2wlLXTiXVTejC', 'A', 'D5C920EEE033068B8EF9B8D939713E1C', '2017-07-31 18:01:27', '2017-08-06 10:33:34'),
('f4f790456ea02d7b', 'dY4hXMgGqUQ:APA91bFGLEABTJp7TuyR3VSwtlAbT22c398hwYI5Xieor0N5rZ-IkSMbaG-Ecm78gYoZw05q9UiAEiGEtz-EmVaCfUsu9Xla_0ukOY9R7X-j-xSfh5U-Zbc5sa6Ev_XB3r9zehWLOUI7', 'A', 'E3D9AE5670EC1A08D74B39DBDCD26B29', '2017-08-02 18:37:17', '2017-08-06 11:20:03');

--
-- Indexes for dumped tables
--

--
-- Indexes for table `class_images`
--
ALTER TABLE `class_images`
  ADD KEY `roll_number` (`roll_number`);

--
-- Indexes for table `class_videos`
--
ALTER TABLE `class_videos`
  ADD KEY `roll_number` (`roll_number`);

--
-- Indexes for table `m_class_mates`
--
ALTER TABLE `m_class_mates`
  ADD PRIMARY KEY (`roll_number`);

--
-- Indexes for table `tb_m_users`
--
ALTER TABLE `tb_m_users`
  ADD PRIMARY KEY (`u_uid`),
  ADD UNIQUE KEY `login_id` (`login_id`);

--
-- Indexes for table `tb_m_users_tokens`
--
ALTER TABLE `tb_m_users_tokens`
  ADD UNIQUE KEY `imei` (`imei`),
  ADD KEY `u_uid` (`u_uid`);

--
-- Constraints for dumped tables
--

--
-- Constraints for table `class_images`
--
ALTER TABLE `class_images`
  ADD CONSTRAINT `class_images_ibfk_1` FOREIGN KEY (`roll_number`) REFERENCES `m_class_mates` (`roll_number`);

--
-- Constraints for table `class_videos`
--
ALTER TABLE `class_videos`
  ADD CONSTRAINT `class_videos_ibfk_1` FOREIGN KEY (`roll_number`) REFERENCES `m_class_mates` (`roll_number`);

--
-- Constraints for table `tb_m_users_tokens`
--
ALTER TABLE `tb_m_users_tokens`
  ADD CONSTRAINT `tb_m_users_tokens_ibfk_1` FOREIGN KEY (`u_uid`) REFERENCES `tb_m_users` (`u_uid`);
COMMIT;

/*!40101 SET CHARACTER_SET_CLIENT=@OLD_CHARACTER_SET_CLIENT */;
/*!40101 SET CHARACTER_SET_RESULTS=@OLD_CHARACTER_SET_RESULTS */;
/*!40101 SET COLLATION_CONNECTION=@OLD_COLLATION_CONNECTION */;
